month,region,product,units,unit_price,revenue
2026-01,North,Atlas,35,89.0,3115.0
2026-01,North,Borealis,18,55.0,990.0
2026-01,North,Cirrus,15,34.5,517.5
2026-01,North,Dynamo,11,19.99,219.89
2026-01,South,Atlas,22,89.0,1958.0
2026-01,South,Borealis,12,55.0,660.0
2026-01,South,Cirrus,14,34.5,483.0
2026-01,South,Dynamo,1,19.99,19.99
2026-01,East,Atlas,32,89.0,2848.0
2026-01,East,Borealis,23,55.0,1265.0
2026-01,East,Cirrus,8,34.5,276.0
2026-01,East,Dynamo,9,19.99,179.91
2026-01,West,Atlas,39,89.0,3471.0
2026-01,West,Borealis,20,55.0,1100.0
2026-01,West,Cirrus,13,34.5,448.5
2026-01,West,Dynamo,9,19.99,179.91
2026-02,North,Atlas,36,89.0,3204.0
2026-02,North,Borealis,17,55.0,935.0
2026-02,North,Cirrus,12,34.5,414.0
2026-02,North,Dynamo,2,19.99,39.98
2026-02,South,Atlas,30,89.0,2670.0
2026-02,South,Borealis,17,55.0,935.0
2026-02,South,Cirrus,6,34.5,207.0
2026-02,South,Dynamo,9,19.99,179.91
2026-02,East,Atlas,28,89.0,2492.0
2026-02,East,Borealis,17,55.0,935.0
2026-02,East,Cirrus,18,34.5,621.0
2026-02,East,Dynamo,11,19.99,219.89
2026-02,West,Atlas,45,89.0,4005.0
2026-02,West,Borealis,20,55.0,1100.0
2026-02,West,Cirrus,21,34.5,724.5
2026-02,West,Dynamo,12,19.99,239.88
2026-03,North,Atlas,46,89.0,4094.0
2026-03,North,Borealis,22,55.0,1210.0
2026-03,North,Cirrus,16,34.5,552.0
2026-03,North,Dynamo,3,19.99,59.97
2026-03,South,Atlas,37,89.0,3293.0
2026-03,South,Borealis,18,55.0,990.0
2026-03,South,Cirrus,13,34.5,448.5
2026-03,South,Dynamo,7,19.99,139.93
2026-03,East,Atlas,38,89.0,3382.0
2026-03,East,Borealis,28,55.0,1540.0
2026-03,East,Cirrus,13,34.5,448.5
2026-03,East,Dynamo,12,19.99,239.88
2026-03,West,Atlas,50,89.0,4450.0
2026-03,West,Borealis,34,55.0,1870.0
2026-03,West,Cirrus,26,34.5,897.0
2026-03,West,Dynamo,7,19.99,139.93
2026-04,North,Atlas,41,89.0,3649.0
2026-04,North,Borealis,31,55.0,1705.0
2026-04,North,Cirrus,22,34.5,759.0
2026-04,North,Dynamo,13,19.99,259.87
2026-04,South,Atlas,32,89.0,2848.0
2026-04,South,Borealis,21,55.0,1155.0
2026-04,South,Cirrus,10,34.5,345.0
2026-04,South,Dynamo,9,19.99,179.91
2026-04,East,Atlas,47,89.0,4183.0
2026-04,East,Borealis,21,55.0,1155.0
2026-04,East,Cirrus,21,34.5,724.5
2026-04,East,Dynamo,3,19.99,59.97
2026-04,West,Atlas,55,89.0,4895.0
2026-04,West,Borealis,29,55.0,1595.0
2026-04,West,Cirrus,23,34.5,793.5
2026-04,West,Dynamo,15,19.99,299.85
2026-05,North,Atlas,48,89.0,4272.0
2026-05,North,Borealis,28,55.0,1540.0
2026-05,North,Cirrus,25,34.5,862.5
2026-05,North,Dynamo,8,19.99,159.92
2026-05,South,Atlas,36,89.0,3204.0
2026-05,South,Borealis,25,55.0,1375.0
2026-05,South,Cirrus,16,34.5,552.0
2026-05,South,Dynamo,6,19.99,119.94
2026-05,East,Atlas,40,89.0,3560.0
2026-05,East,Borealis,23,55.0,1265.0
2026-05,East,Cirrus,24,34.5,828.0
2026-05,East,Dynamo,5,19.99,99.95
2026-05,West,Atlas,57,89.0,5073.0
2026-05,West,Borealis,38,55.0,2090.0
2026-05,West,Cirrus,19,34.5,655.5
2026-05,West,Dynamo,6,19.99,119.94
2026-06,North,Atlas,49,89.0,4361.0
2026-06,North,Borealis,26,55.0,1430.0
2026-06,North,Cirrus,21,34.5,724.5
2026-06,North,Dynamo,10,19.99,199.9
2026-06,South,Atlas,34,89.0,3026.0
2026-06,South,Borealis,27,55.0,1485.0
2026-06,South,Cirrus,16,34.5,552.0
2026-06,South,Dynamo,5,19.99,99.95
2026-06,East,Atlas,45,89.0,4005.0
2026-06,East,Borealis,21,55.0,1155.0
2026-06,East,Cirrus,13,34.5,448.5
2026-06,East,Dynamo,11,19.99,219.89
2026-06,West,Atlas,52,89.0,4628.0
2026-06,West,Borealis,28,55.0,1540.0
2026-06,West,Cirrus,28,34.5,966.0
2026-06,West,Dynamo,10,19.99,199.9
2026-07,North,Atlas,42,89.0,3738.0
2026-07,North,Borealis,29,55.0,1595.0
2026-07,North,Cirrus,19,34.5,655.5
2026-07,North,Dynamo,3,19.99,59.97
2026-07,South,Atlas,39,89.0,3471.0
2026-07,South,Borealis,17,55.0,935.0
2026-07,South,Cirrus,21,34.5,724.5
2026-07,South,Dynamo,9,19.99,179.91
2026-07,East,Atlas,45,89.0,4005.0
2026-07,East,Borealis,32,55.0,1760.0
2026-07,East,Cirrus,17,34.5,586.5
2026-07,East,Dynamo,8,19.99,159.92
2026-07,West,Atlas,57,89.0,5073.0
2026-07,West,Borealis,31,55.0,1705.0
2026-07,West,Cirrus,8,34.5,276.0
2026-07,West,Dynamo,12,19.99,239.88
2026-08,North,Atlas,49,89.0,4361.0
2026-08,North,Borealis,34,55.0,1870.0
2026-08,North,Cirrus,20,34.5,690.0
2026-08,North,Dynamo,4,19.99,79.96
2026-08,South,Atlas,30,89.0,2670.0
2026-08,South,Borealis,20,55.0,1100.0
2026-08,South,Cirrus,16,34.5,552.0
2026-08,South,Dynamo,12,19.99,239.88
2026-08,East,Atlas,46,89.0,4094.0
2026-08,East,Borealis,21,55.0,1155.0
2026-08,East,Cirrus,12,34.5,414.0
2026-08,East,Dynamo,14,19.99,279.86
2026-08,West,Atlas,57,89.0,5073.0
2026-08,West,Borealis,30,55.0,1650.0
2026-08,West,Cirrus,9,34.5,310.5
2026-08,West,Dynamo,14,19.99,279.86
2026-09,North,Atlas,50,89.0,4450.0
2026-09,North,Borealis,29,55.0,1595.0
2026-09,North,Cirrus,17,34.5,586.5
2026-09,North,Dynamo,14,19.99,279.86
2026-09,South,Atlas,35,89.0,3115.0
2026-09,South,Borealis,26,55.0,1430.0
2026-09,South,Cirrus,14,34.5,483.0
2026-09,South,Dynamo,1,19.99,19.99
2026-09,East,Atlas,43,89.0,3827.0
2026-09,East,Borealis,25,55.0,1375.0
2026-09,East,Cirrus,14,34.5,483.0
2026-09,East,Dynamo,12,19.99,239.88
2026-09,West,Atlas,47,89.0,4183.0
2026-09,West,Borealis,33,55.0,1815.0
2026-09,West,Cirrus,1,34.5,34.5
2026-09,West,Dynamo,8,19.99,159.92
2026-10,North,Atlas,52,89.0,4628.0
2026-10,North,Borealis,26,55.0,1430.0
2026-10,North,Cirrus,15,34.5,517.5
2026-10,North,Dynamo,14,19.99,279.86
2026-10,South,Atlas,32,89.0,2848.0
2026-10,South,Borealis,22,55.0,1210.0
2026-10,South,Cirrus,15,34.5,517.5
2026-10,South,Dynamo,8,19.99,159.92
2026-10,East,Atlas,37,89.0,3293.0
2026-10,East,Borealis,22,55.0,1210.0
2026-10,East,Cirrus,19,34.5,655.5
2026-10,East,Dynamo,9,19.99,179.91
2026-10,West,Atlas,54,89.0,4806.0
2026-10,West,Borealis,30,55.0,1650.0
2026-10,West,Cirrus,1,34.5,34.5
2026-10,West,Dynamo,11,19.99,219.89
2026-11,North,Atlas,64,89.0,5696.0
2026-11,North,Borealis,36,55.0,1980.0
2026-11,North,Cirrus,31,34.5,1069.5
2026-11,North,Dynamo,13,19.99,259.87
2026-11,South,Atlas,47,89.0,4183.0
2026-11,South,Borealis,33,55.0,1815.0
2026-11,South,Cirrus,20,34.5,690.0
2026-11,South,Dynamo,7,19.99,139.93
2026-11,East,Atlas,52,89.0,4628.0
2026-11,East,Borealis,30,55.0,1650.0
2026-11,East,Cirrus,20,34.5,690.0
2026-11,East,Dynamo,8,19.99,159.92
2026-11,West,Atlas,67,89.0,5963.0
2026-11,West,Borealis,47,55.0,2585.0
2026-11,West,Cirrus,4,34.5,138.0
2026-11,West,Dynamo,9,19.99,179.91
2026-12,North,Atlas,63,89.0,5607.0
2026-12,North,Borealis,41,55.0,2255.0
2026-12,North,Cirrus,22,34.5,759.0
2026-12,North,Dynamo,11,19.99,219.89
2026-12,South,Atlas,46,89.0,4094.0
2026-12,South,Borealis,23,55.0,1265.0
2026-12,South,Cirrus,16,34.5,552.0
2026-12,South,Dynamo,10,19.99,199.9
2026-12,East,Atlas,58,89.0,5162.0
2026-12,East,Borealis,34,55.0,1870.0
2026-12,East,Cirrus,27,34.5,931.5
2026-12,East,Dynamo,15,19.99,299.85
2026-12,West,Atlas,69,89.0,6141.0
2026-12,West,Borealis,39,55.0,2145.0
2026-12,West,Cirrus,12,34.5,414.0
2026-12,West,Dynamo,17,19.99,339.83
